IssuingNetwork,CardNumber
Visa,4916171235074626
Visa,4685175965932738
Visa,4716088244513539
Visa,4716279586868538
Visa,4638135146973983
Visa,4929633589368354
Visa,4916517470927375
Visa,4929117841680657
Visa,4532377435601563
Visa,4485688700268517
Visa,4556842768497070
Visa,4556469791620070
Visa,4556730820159566
Visa,4556164700253671
Visa,4539283816621563
Visa,4485039577283850
Visa,4539350071067285
Visa,4556760915676968
Visa,4747750450679436
Visa,4539932693575199
Visa,4485916130351607
Visa,4716516162112850
Visa,4260913084201335
Visa,4539339609667963
Visa,4929485727027453
Visa,4532777792825541
Visa,4485328114204770
Visa,4024007156041369
Visa,4485135225990993
Visa,4234779277999412
Visa,4539908265212270
Visa,4539943861701087
Visa,4485744688007169
Visa,4539948064503016
Visa,4024007149118720
Visa,4916339178892672
Visa,4916296821649653
Visa,4716362072946834
Visa,4255446977478311
Visa,4539576609384095
Visa,4532235834555550
Visa,4916232453592507
Visa,4556004833826540
Visa,4024007150295599
Visa,4556100693657999
Visa,4244263494182951
Visa,4929023367913995
Visa,4916030257806523
Visa,4532399639266860
Visa,4539937994320716
Visa,4929039372337434
Visa,4024007111455712
Visa,4485943044506548
Visa,4916304071395454
Visa,4556841467002157
Visa,4532661543591356
Visa,4539309399906798
Visa,4539479608335616
Visa,4485847896264579
Visa,4556220401513761
Visa,4916226787419924
Visa,4716935357281835
Visa,4556660645510364
Visa,4916614070699817
Visa,4916774623944142
Visa,4916508843577518
Visa,4532297342683704
Visa,4024007116767442
Visa,4556471731188135
Visa,4005799975836341
Visa,4485738335399433
Visa,4532004716798906
Visa,4485201933152027
Visa,4485490757018428
Visa,4716293566771786
Visa,4929880379548295
Visa,4916463658125351
Visa,4929059819958659
Visa,4791046493744112
Visa,4024007184653532
Visa,4532838621845314
Visa,4929580683888961
Visa,4929944256031104
Visa,4005003043924381
Visa,4532365202752776
Visa,4916342370015993
Visa,4024007141622976
Visa,4716158948335230
Visa,4485328538602278
Visa,4916632029797243
Visa,4532689075866854
Visa,4301088997172138
Visa,4532233936156922
Visa,4539128707410412
Visa,4916331739845166
Visa,4024007191419968
Visa,4716191412619300
Visa,4929417142203708
Visa,4916616781309818
Visa,4556653193562416
