ID,CC_Name,CC_Number,CC_Exp,CC_CVV
1,Burke Mccall,5182 1876 3722 0231,09/18,624
2,Amber Johnston,5483 3844 9741 2554,04/18,880
3,Kellie Anderson,340036948083640,12/17,402
4,Isabelle Waters,4916 788 44 8036,03/17,137
5,Curran Gallegos,5443149018500250,09/17,690
6,Hall Rodgers,4024007101260,03/18,725
7,Yetta Kelly,4929217943415980,07/18,496
8,Emma Scott,5402 9801 9072 7376,09/17,485
9,Avram Padilla,540836 4446637222,04/17,921
10,Theodore Jensen,341472258456960,11/18,244
11,Aquila Tyson,3736 454609 80742,06/17,976
12,Xavier Schwartz,3470 995912 01441,05/18,539
13,Brendan Maynard,402400 719628 7667,09/18,314
14,Karleigh Keith,6459 1373 0454 1298,05/17,140
15,Farrah Gonzales,649 38597 75898 661,05/18,990
16,Cecilia Shannon,4716961593503580,06/18,688
17,Porter Nolan,3447 542435 05200,07/17,619
18,Shellie Melendez,537496 879482 0923,03/18,397
19,Howard Saunders,4539 004 97 0961,11/18,214
20,Randall Garcia,377445515031542,10/17,823
21,Quincy Simmons,513060 0796998036,10/17,963
22,Simone Mays,453 95790 27204 291,10/17,395
23,Brooke Marsh,4539959221436,05/18,636
24,Jena Wallace,5247 8747 4337 4241,02/17,870
25,Kennedy Medina,648447 2700624144,12/17,139
26,Nelle Albert,4916584211299,01/18,750
27,Sebastian Reese,644 19278 17864 216,09/17,248
28,Mark Jimenez,645207 8282162094,02/18,561
29,Galena Knowles,538 81309 55553 942,04/18,819
30,Nevada Beach,646535 693603 2557,09/17,341
31,Keelie Warren,4532485148967,06/18,774
32,Adam Drake,376089096179071,10/17,475
33,Remedios Rogers,3759 881315 83323,12/17,582
34,Devin Wiggins,5339 1417 4847 0278,01/19,640
35,Fritz Hatfield,648588 7621209015,08/17,460
36,Quincy Vincent,601169 9734257317,09/18,797
37,Shay Dennis,4556495295401,02/18,247
38,Samson Riddle,659127 6480492774,02/19,260
39,Zoe Guerra,5392801710132920,01/19,376
40,Sylvia Stafford,4963466011348,03/17,848
41,Bell Hunt,4024007158666,08/18,609
42,Teegan Newman,557001 012373 7122,01/19,123
43,Imani Griffith,3415 444009 74304,04/17,530
44,Savannah Hawkins,556801 4518760495,04/17,741
45,Doris Pace,3407 490331 71548,07/18,979
46,Margaret Riley,3707 427275 12914,02/19,225
47,Kristen Hines,4532223825876,08/18,318
48,Shafira Torres,343545472201250,05/18,425
49,Marcia Stein,6475 9898 1066 1121,10/17,564
50,Wayne Boone,448 56428 51047 527,12/18,370
51,Ciaran Odonnell,4485524315503,02/19,499
52,Rina Delacruz,370127703577935,07/18,892
53,Amery Wynn,5271 6014 6107 7386,10/18,457
54,Noelle Espinoza,4716777052652,02/18,294
55,Brooke Mercer,659 61478 67133 817,12/18,679
56,Haley Ellison,520 65247 12063 759,09/17,301
57,Ali Justice,649584 4560225708,03/17,514
58,Gil Lawrence,6448793241691090,05/17,292
59,Geoffrey Garcia,524010 5418277345,08/18,720
60,Cora Simpson,5232917399785160,10/17,298
61,Yoshi Zamora,644073 1984369020,03/18,366
62,Cade David,341778093499613,08/18,617
63,Camilla Mcintosh,4916653600968,04/18,431
64,Prescott Strickland,646862 988579 3446,07/18,511
65,Carolyn Mason,538 85567 47842 708,10/17,643
66,Darius Roberson,644071 617106 9640,10/17,740
67,Katelyn Lowe,644237 0707218863,02/19,341
68,Nicholas Pitts,3460 084332 18670,08/18,599
69,Dara Gonzalez,4539072274890,08/18,852
70,Miriam Rodriguez,448566 4227808945,05/18,786
71,Mark Crane,4485087218896,06/17,508
72,Aladdin Johns,3440 156658 17154,01/18,131
73,Kuame Bell,6444 7897 8910 2851,08/17,293
74,Judith Shaw,461 71787 83051 304,12/18,158
75,Ocean Hayes,6469 9680 6542 7279,05/17,531
76,Kieran Lloyd,4929166523395,05/18,152
77,Kylynn Ford,4556095582323,11/17,137
78,Ronan Mcdonald,542 55053 76270 819,12/18,125
79,Nichole Golden,5265079384204130,02/19,944
80,Gay Britt,4929000440467,05/17,947
81,Unity Simmons,3792 732672 28043,06/18,533
82,Sebastian Duran,402400 7143562030,12/17,979
83,Levi Coleman,4929035708060,11/17,976
84,Victor Britt,491669 854404 5038,12/18,959
85,Giacomo Mcfarland,4556502365007,01/18,682
86,Dara Caldwell,4716785391085410,08/17,468
87,Xantha Cortez,3799 631848 77894,03/17,249
88,Maryam Ashley,547 70272 48412 401,04/17,400
89,Rhoda Barlow,378351142930552,10/17,879
90,Jemima Cannon,4069060002080270,06/18,421
91,Amela Levine,455629 2842759360,11/17,928
92,Reece Patel,4716 8504 9269 4083,01/19,562
93,Arthur Avila,522224 3044883046,01/19,443
94,Jameson Compton,4716187132060,01/18,116
95,Shay Chambers,518 86440 85889 531,03/18,153
96,Patricia Kelly,342106133084899,08/17,781
97,Wayne Holmes,3459 192549 19041,01/19,415
98,Peter Morin,5119 1982 8950 9571,08/18,201
99,Imani Harris,645655 7394101781,12/18,307
100,Daria Merrill,4024 007 17 9456,02/19,167
101,Ella Sargent,651993 208397 7186,02/18,572
102,Genevieve Frost,5172 0527 6102 5164,08/18,797
103,Marah Cash,3738 844899 67410,11/18,514
104,Lev Bailey,647 39537 92320 298,04/17,550
105,Bell Mccullough,455604 119387 3902,06/17,796
106,Stephanie Carlson,4532516105242,12/18,961
107,Sophia Mann,6486 0141 7354 9206,04/18,949
108,Porter Garrison,5514300186774040,05/18,413
109,Barry Johns,4539 093 27 2568,11/17,924
110,Ezekiel Flynn,559 49279 50586 458,01/18,475
111,Gretchen Peterson,6451 1891 6635 9630,10/18,963
112,Eagan House,5267 5871 7305 8077,06/17,162
113,Brynn Ortega,646395 5937316711,04/17,919
114,Shea Becker,646046 0071061960,03/18,715
115,Fallon Rivera,4916821164590,09/18,859
116,Colton Joseph,3442 073644 71959,12/18,854
117,Sacha Love,4485151399225110,05/18,398
118,Hedley Yates,4024007147362,04/17,957
119,Troy Roy,6496 1446 0897 8874,03/18,147
120,Stella Oneil,371825139031281,11/17,746
121,Kylie Estes,6497 7347 6990 8105,03/17,918
122,Meredith Lindsay,6011 5266 8878 5920,12/18,325
123,Neil Hensley,3766 221174 24520,03/18,184
124,Uriel Russo,349465564099294,02/18,398
125,Kiara Holmes,645 19118 62250 056,02/18,752
126,Arden Washington,533 42194 43554 011,11/17,915
127,Adrian Bailey,371469893451177,03/17,865
128,Russell Weeks,4929758647230,11/18,983
129,David Mccormick,6488 0468 4052 7932,07/17,434
130,Echo Adkins,4539 1419 7270 8824,04/17,355
131,Gavin Harvey,3755 533964 91974,10/17,704
132,Channing Bennett,344120198554439,12/18,563
133,Luke Ray,4485689329893,10/17,976
134,Cedric Long,4929 375 29 0695,01/19,675
135,Lareina Parks,4916431756835,09/17,128
136,Jerry Petersen,653255 678068 5231,10/17,614
137,Chase Orr,644937 828440 2563,10/17,653
138,Kane Wheeler,533 02209 27961 429,07/17,461
139,Oliver Mcclure,5546 8361 1621 2538,09/18,722
140,Alexander Barry,648201 451125 7888,09/18,426
141,Kirk Buckner,4556149900968,08/18,262
142,Oleg Ratliff,547502 523963 9331,03/18,347
143,Marny Sears,542415 6452373654,12/18,383
144,Harding Hodges,3403 533141 70905,09/17,214
145,Buckminster Small,453956 4082709434,12/18,459
146,Gray Clements,3762 945528 52514,02/18,839
147,Laith Mccarty,6473287540513020,06/18,800
148,Chastity Estes,4716306133452,01/19,682
149,Iona Holland,544851 712403 2246,11/18,791
150,Alden Bray,6449 0644 2130 0817,09/18,993
151,Brian Pate,647688 072850 5626,11/17,399
152,Deborah Flowers,5458 0768 6690 8979,11/18,891
153,Leonard Trujillo,6456216841243360,05/17,587
154,Montana Ball,533028 5660874634,02/18,295
155,Raphael Delacruz,3713 532421 16899,12/17,806
156,Hasad Reynolds,4916902534786,10/18,943
157,Perry Mccarthy,3719 382106 79405,07/17,677
158,Reese Rowland,4537308321824,01/18,863
159,Ariana Herman,6476828630019760,12/18,863
160,Shay Gill,541677 572929 3179,07/18,657
161,Melanie Sosa,4164278962840,01/19,545
162,Hashim Sharp,373991252112361,11/17,299
163,Vanna Brock,375030281947675,12/18,266
164,Karyn Pickett,526 62041 47703 306,05/18,351
165,Erica Heath,530 09991 55092 827,04/17,799
166,Fletcher Weaver,4539270298856310,02/19,867
167,Xaviera Higgins,3484 353062 74746,11/17,658
168,Acton Nolan,4929143675409,12/17,316
169,Brenden Holcomb,5510 0184 3458 0464,12/18,351
170,Harper Frye,6011097197077080,09/18,554
171,Castor Kelly,4539 8090 1012 4390,10/17,367
172,Mallory Roberts,4532910258463530,04/18,274
173,Carson Weiss,644273 101622 0116,05/18,182
174,Kristen Graves,372781087515370,10/18,963
175,Lewis Sims,4539046150044,01/18,864
176,Katell Miles,341256001097803,06/17,445
177,Thaddeus Washington,4929 0438 8923 0900,07/18,175
178,Tamekah Stark,4024007100429,06/18,465
179,Molly Taylor,601171 478202 2453,11/18,213
180,Erasmus Woods,529878 874016 2839,03/18,854
181,Phyllis Goff,3462 299622 92767,05/18,738
182,Dorian Stokes,5426092687494790,02/19,551
183,Rhonda Nieves,4024007108042,09/17,933
184,Nola Berger,3750 443441 07631,10/18,718
185,Joy Dalton,3749 426358 44351,02/19,782
186,Kathleen Sanchez,4259471829968,12/18,278
187,Ashely Nixon,658881 0602898016,02/19,410
188,Adria Thomas,644847 2918197581,08/17,534
189,Yen Rios,370604314250748,04/18,924
190,Robert Summers,448 53819 16819 378,07/17,713
191,Buckminster Cantu,5547602537724610,04/18,705
192,Aristotle Hahn,3777 736304 55944,11/17,165
193,Deirdre Irwin,5555 2652 5075 3941,05/18,740
194,Molly Harper,647539 6064957256,02/17,244
195,Malik Hernandez,647 70852 12924 189,08/18,466
196,Barry Owens,371957034033532,08/18,484
197,Hermione Wolfe,344380951483925,03/18,136
198,Reese Simon,652708 3297053974,06/17,864
199,TaShya Huffman,3426 941810 27712,02/18,772
200,Idona Boone,448 58263 14853 346,08/17,938
201,Aurelia Barrett,471 46995 27341 075,12/18,228
202,Cecilia Cherry,455611 3399617472,08/18,290
203,Russell Salinas,3455 786351 15412,11/18,978
204,Reese Montgomery,4929925899615,07/17,127
205,Fredericka James,378970049769589,07/17,487
206,Wang Lopez,3465 135471 40314,04/17,882
207,Sydney Weber,6450258161062160,02/18,630
208,Amal Solomon,4024 0071 0961 1185,09/18,492
209,Carlos Franklin,3773 506285 11556,01/18,831
210,Hedley Mckenzie,344623154048510,03/17,146
211,Blaine Alford,5561527564442390,05/17,320
212,Gay Cameron,646 44727 51516 383,09/18,742
213,Tatum Salas,520861 8340920170,12/17,374
214,Belle Cummings,348671945584703,06/17,415
215,Griffith Mack,535261 0731436795,12/18,801
216,Isaiah Roman,4716000150380,11/18,999
217,Camille Kline,645363 5371542871,04/18,552
218,Regina Stanton,5577 5645 5161 0626,04/18,939
219,Jessica Mccullough,4532 7943 1332 7972,09/18,149
220,Haley Joyner,5240395909054130,10/17,193
221,Amir Nelson,471623 751726 2502,03/17,819
222,Jaquelyn Arnold,448575 878768 1435,04/18,158
223,Derek Callahan,6011 2187 2720 7583,07/17,705
224,Alec Moss,6011 2633 1021 5825,07/17,323
225,Magee Dickerson,645466 664316 8731,07/18,705
226,Cruz Vaughn,648397 352893 7676,03/17,711
227,Hoyt Osborn,519279 175011 4705,03/18,542
228,Justin Livingston,555079 973754 1029,11/18,111
229,Chaney Fisher,4532342279112,11/17,927
230,Phillip Sutton,343287974312216,11/17,414
231,Wade Lee,517380 827998 2918,10/18,384
232,Zelda Reid,372871552586244,03/17,224
233,Rafael Puckett,5350055701400710,07/18,771
234,Lana House,5553 5941 5576 5052,03/17,883
235,Slade Mcbride,5599 5329 6419 3302,02/17,336
236,Odysseus Strong,555542 899246 4207,08/18,790
237,Denton Terrell,649533 261924 3237,03/18,579
238,Walter Klein,3751 725065 32021,07/17,753
239,Camden Harris,4024007130785370,04/17,520
240,Chloe Holcomb,471 69435 33946 800,05/17,819
241,Kyle Everett,348842588836193,09/17,135
242,Juliet Valenzuela,651300 0911780259,01/18,316
243,Amity Leon,540712 4160350308,03/17,302
244,Macy Gamble,6463 4963 3682 8162,02/19,183
245,Gareth Stuart,448534 9110016596,02/18,408
246,Maggy Manning,340465943277511,12/18,137
247,Glenna Reid,647490 1618884301,03/17,884
248,Maryam Diaz,523274 077590 9500,01/18,568
249,Clarke Robinson,4024 0071 3897 9884,04/18,208
250,Clio Dunn,6457834976297880,03/17,260
251,Kimberly Pate,4616832606927100,07/17,824
252,Hashim Dalton,649492 7862404880,12/18,942
253,Jasper Mccray,5451 8456 1709 5337,09/17,570
254,Kenyon Parsons,3759 271250 02312,04/18,614
255,Harlan Mercado,5214 7203 3829 0491,06/18,119
256,Pearl Wheeler,518746 2549850648,08/18,860
257,Flavia Vincent,348621992531073,01/19,720
258,Hyatt Hogan,5206 7121 7131 4710,11/17,288
259,Jesse Spencer,3768 260327 84914,02/19,607
260,Felicia Myers,370821688717447,02/18,212
261,Julian Mckenzie,5317 8968 3187 3920,01/18,841
262,Grady Hammond,6465 6473 2862 7594,04/18,400
263,Myra Newman,3495 366973 27099,04/18,161
264,Lucas Romero,553 73215 89992 685,03/17,360
265,Honorato Roach,5568 1862 9226 7176,07/18,133
266,Otto Rivers,343859317365646,04/18,442
267,Isadora Herring,644976 9245906157,06/18,330
268,Rachel Perez,653 77068 79689 751,12/18,912
269,Carol Harding,5342279246771380,05/17,560
270,Maxine Webster,377611493608508,04/17,190
271,Octavius Strong,4916417569078070,09/17,642
272,Quynn Hart,5481 9214 2610 4125,12/17,457
273,Troy Calderon,648233 2041360349,06/18,873
274,Burke Hurst,4916952903857,06/17,734
275,Emily Schneider,4024007146463,01/18,902
276,Susan Crosby,543257 3111571371,10/18,718
277,Cameron Bridges,342771217572836,03/17,257
278,Jamalia Curtis,346335508902031,08/17,786
279,Brittany Craig,645268 0825530206,08/17,352
280,Evan Aguilar,644419 360815 4500,06/17,189
281,Sylvester Collins,4556398935673,12/18,170
282,Alma Flowers,649 66366 17300 800,03/17,785
283,Carson Charles,5434149242651820,11/18,441
284,Patience Hinton,654894 6687614834,09/18,686
285,Hilda Welch,4539000908593,08/17,743
286,Jameson Chaney,6479091261716370,03/18,317
287,Moses Clemons,526192 333739 3777,07/18,979
288,Damian Wilkerson,647144 912971 9429,11/18,248
289,Steven Berger,6531194227690750,06/18,593
290,Germaine Powers,558833 3589893753,10/18,587
291,Regina Olson,3488 814162 76065,09/18,796
292,Hedwig Cabrera,6011 4493 1794 3234,04/17,549
293,Tamara Haley,646406 0107089112,02/18,561
294,Rebekah Quinn,4929370183945,03/18,793
295,Zoe Lowe,6488 4915 6949 4445,04/18,514
296,Isaac Parks,5204313815322610,07/17,649
297,Tarik Boyle,4024007179993,07/17,188
298,Hector Sloan,645 92279 96262 699,02/17,433
299,Curran Sampson,349026537906310,03/17,809
300,Chanda Bryan,6452 9874 0013 0736,12/17,327
301,Iola Donaldson,4916539313463,12/17,798
302,Alea Hood,4929734693852,05/17,659
303,Christian Bowman,530 84110 93073 135,06/17,813
304,Felicia Bright,647831 3949208885,06/18,376
305,Armand Glover,6011 2106 9347 3042,03/18,907
306,Chaney Bailey,648262 7834662078,03/18,970
307,Chastity Nixon,535 88405 05177 499,08/18,814
308,Akeem Nolan,512494 950357 1380,10/18,147
309,Gary Hoffman,6495888027680900,05/18,168
310,Colette Simmons,3796 009549 47750,10/17,746
311,Priscilla Moss,4751 4784 8606 8860,02/19,192
312,Glenna Carney,6518 8483 0484 9270,06/17,920
313,Jasper Cobb,3710 130390 74368,10/17,249
314,Tiger Whitehead,4539683187283,11/17,460
315,Bradley Baird,4989359569464,02/17,249
316,Ronan Stephenson,3446 636054 20009,07/17,711
317,Burke Underwood,522 34611 96101 418,08/17,677
318,Marsden Vang,545 06031 75447 585,12/17,388
319,Galvin Small,529593 123793 2370,05/18,738
320,Danielle Woodward,535749 5647864834,04/18,407
321,Dominique Wagner,3491 691547 15703,08/18,918
322,Cooper Holt,371646356592940,03/17,450
323,Bo Mcdowell,546766 1016197737,08/17,511
324,Beverly Reynolds,4929870330566,04/18,267
325,Craig Terrell,471 68217 51031 515,01/18,689
326,Quincy Vinson,4716206066505,09/18,375
327,Claudia Curry,376588227598117,01/18,560
328,Hall Walls,4929 721 15 4207,08/17,509
329,Tatum Case,373047233212349,07/18,419
330,Adrienne Pena,370795795482808,03/18,871
331,Kiona Williams,6483 5563 3941 9370,11/18,237
332,Aspen Sherman,376397873400614,11/18,727
333,Zeus Lynch,550634 0144504204,04/17,441
334,Debra Gay,644594 662145 3053,10/18,588
335,Erich Tyler,5343 3251 5399 3056,08/18,186
336,Armando Glover,3499 438900 51023,04/18,273
337,Lysandra Rodriguez,5576 6541 6576 9644,12/17,654
338,Kim Dalton,343191854225565,03/18,510
339,Wayne Lynn,4539256487011,10/18,269
340,Aristotle Mckee,649208 7538284539,07/17,857
341,Fulton Briggs,653503 2623741349,02/17,909
342,Dominic Fuentes,514 35325 53473 876,03/17,260
343,Mohammad Gentry,3720 193923 10181,04/17,495
344,Shellie Thornton,649143 361839 2621,05/18,295
345,Travis Watts,4024007114651,06/17,904
346,Rina West,646008 1261734404,08/18,982
347,Edan Mccormick,523012 269327 5789,06/17,589
348,Bo Christian,3735 566036 05734,10/17,446
349,Flynn Baird,646286 833387 4236,02/18,309
350,Nevada Holcomb,4532134762333,07/18,248
351,Benedict Donovan,4485 8809 0775 6176,02/18,183
352,Reece Rowland,6466631800971880,09/18,864
353,Andrew Kane,4532708644861950,06/18,633
354,Blythe Lucas,4024007123710,01/19,946
355,Zephania Wilson,4916447986429590,09/18,385
356,Honorato Gibbs,4716979291660,05/17,775
357,Xaviera English,550 39561 26838 923,06/18,293
358,Leila Moss,455674 2049380329,10/18,912
359,Marvin Adkins,4532421969898,12/18,666
360,Barclay Horton,4024 0071 3968 7304,09/18,756
361,Byron Armstrong,375160892836692,07/18,823
362,Camille Wise,348849821909463,03/18,357
363,Sandra Thomas,6581560649082310,04/18,595
364,Hilel Hughes,6577035795916290,02/19,375
365,Kareem Kane,6485818334280320,10/18,533
366,Wesley Cameron,6442 7996 5755 4655,09/17,308
367,Gregory Herring,646075 504709 6523,04/18,957
368,Dustin Jimenez,546598 0634861116,04/18,854
369,Brady Foley,370834895566226,05/17,865
370,Nathan Rogers,4929709570091570,01/19,324
371,Cameron Holden,5110 9277 1823 8033,03/17,775
372,Dorian Downs,526 95165 99565 140,06/17,912
373,Rose Gomez,4532469912743,03/17,854
374,Scott Sims,4716 2709 4379 2057,01/19,274
375,Anthony Fowler,659731 3543175114,06/18,201
376,Jack Day,4227657702770,11/18,459
377,Caesar Fowler,524496 836999 6791,12/17,524
378,Sara Poole,402400 7132193326,11/18,298
379,Skyler Smith,4485601663820160,04/18,208
380,Walker Conley,3468 957266 34203,09/17,217
381,Iola Owen,646857 527117 4826,10/17,270
382,Vance Wise,3735 238889 74367,05/17,891
383,Madaline Ashley,547 81161 44386 303,08/18,540
384,Chava Watkins,370163995190574,05/17,262
385,Garrison Hatfield,466 31655 34553 020,11/18,387
386,Yetta Snow,5169 8498 2974 5377,09/17,719
387,Gregory Mccormick,3467 483566 07710,11/17,618
388,Denise Buckley,644021 682581 2214,04/18,808
389,Neil Wynn,340408143368631,10/17,723
390,Hilel Wilkerson,645 86237 55109 116,08/18,135
391,Murphy Vang,548009 360614 2712,04/18,951
392,Eagan Mejia,549 45081 92070 526,09/17,588
393,Lavinia Tanner,5113365642376070,03/17,597
394,Olympia Kerr,6476 1282 5139 9268,12/17,445
395,Harding Wyatt,4929453071041,04/17,248
396,Jonah Navarro,3712 481735 56073,07/18,318
397,Cade Guerrero,378581630557471,10/18,416
398,Rana Roman,4024007121011,10/18,150
399,Tamara Parks,344149700930035,05/18,462
400,Lance Lynch,3425 951293 36612,01/19,760
401,Neville Rasmussen,658962 167251 4006,09/17,201
402,Nerea Mcclure,5303 6091 7723 9598,09/18,643
403,Germane French,4485916138992,02/17,695
404,Marshall Wallace,531064 9919244960,12/17,296
405,Fuller Pierce,648509 1715758017,05/17,959
406,Phelan Ramos,491680 0127844411,09/17,564
407,Elaine Henry,511 53818 07423 640,11/18,784
408,Dakota Santana,4024007186603200,10/18,124
409,Jordan Thompson,4892510985043,06/18,221
410,Merritt Ortiz,6497121320957430,12/17,502
411,Mufutau Collins,514 97707 89903 316,08/18,248
412,Camille Shepard,471 66242 91036 238,06/17,270
413,Sylvia Mcdaniel,4716827807283000,07/18,652
414,Tate Dejesus,5508 4636 3211 5537,12/17,340
415,Wylie Donaldson,3797 843912 16449,09/18,742
416,Brenden Potts,3484 020308 68938,01/18,646
417,Macey Jackson,3455 621220 31522,04/18,328
418,Cameran Dominguez,6522 9495 1132 7821,04/17,710
419,Colorado Blackwell,379770408846336,01/19,984
420,Luke Bullock,543018 154647 1472,06/18,737
421,Josiah Petersen,6476 9411 6448 6414,05/18,852
422,Giacomo Miranda,649911 456249 6509,04/18,758
423,David Coffey,3414 166186 50648,11/18,829
424,Lester Fleming,4916443234367,08/18,211
425,Vera Dickerson,647470 268240 2065,02/18,546
426,Mohammad Freeman,646411 213220 9312,02/19,758
427,Adara Alvarez,553187 0988912773,06/18,823
428,Remedios Mccormick,644384 990899 9750,03/17,802
429,Cain Silva,3491 143395 51359,06/17,204
430,Keely Joseph,4916086241773310,01/19,735
431,Shellie Cochran,3794 384916 57388,02/17,549
432,Frances Hill,3445 293706 61475,10/18,783
433,Idona York,649024 025026 3239,09/17,158
434,Melanie Arnold,4773997381221,10/17,622
435,Echo Carson,648221 6263369908,03/17,487
436,Shana Price,529097 9562124563,06/18,538
437,Walter Owens,6471988989360060,03/17,494
438,Medge Navarro,4716559065138,11/18,279
439,Lynn Ellison,646458 873878 9759,12/18,458
440,Lacy Shields,402 40071 67294 627,08/18,434
441,Keaton Chambers,4556 481 69 0524,05/18,313
442,Barclay Bowers,3737 284759 35651,07/18,514
443,Irene Newton,3777 514557 66801,07/17,679
444,Piper Roberson,4024 007 14 6331,12/18,714
445,Wing Massey,6469 2954 2613 8035,06/18,993
446,Chelsea Green,4716 9043 1379 3978,07/17,312
447,Nadine Daniel,5559540961574890,03/17,905
448,Barbara Carter,4539 736 45 7600,08/18,464
449,Yael Cash,344277817580599,08/18,714
450,Sheila Hyde,6481191651525170,07/17,780
451,Orla Price,646119 605152 3947,10/18,818
452,Rafael Barnes,6486673684955470,06/17,843
453,Odessa Pierce,645 03550 55899 017,02/18,595
454,Rose Mercer,518177 6387603173,09/18,449
455,Piper Patrick,5466882087607500,07/18,523
456,Irene Le,3785 866757 41823,04/18,655
457,Daniel Woodward,6484564322071130,08/18,799
458,Signe Paul,3439 122103 81218,02/18,622
459,Raven Mcgee,4532 371 25 1313,12/18,245
460,Lyle Robertson,379588717815820,09/18,894
461,Jonas Langley,341006418699612,07/18,729
462,Felix Prince,511 10271 97173 600,01/18,509
463,Hanna Watts,6499 4202 3148 1016,09/18,475
464,Mohammad Massey,645 64929 00274 809,07/17,863
465,Rudyard George,647 90070 06858 066,01/19,668
466,Guinevere Gibson,601 11307 47005 378,09/18,267
467,Allegra Calhoun,527 37493 69139 648,06/17,326
468,Clare Johns,5176 3396 2028 8554,04/18,242
469,Brandon Jensen,559 89179 19988 024,11/18,450
470,Reed Weiss,6515599691694110,10/18,148
471,Lavinia Knapp,511858 4981863096,02/18,983
472,Amy Morton,649913 1802879682,04/17,461
473,Elijah Travis,4916109238370930,06/17,935
474,Adele Stokes,517807 9705294006,06/18,336
475,Lester Bauer,3468 726654 16579,12/18,356
476,Morgan Ingram,3756 432071 14954,05/17,271
477,Merritt Nielsen,3704 895967 08658,05/18,889
478,Anastasia Spears,347325315510738,10/17,613
479,Jeanette Carey,4024007190922900,03/18,297
480,Joan Daniel,3713 628453 13027,03/17,707
481,Dora Hodge,3719 710778 39432,03/17,338
482,Lynn Nixon,3795 745991 45494,08/17,268
483,Otto David,3759 875893 04612,01/18,341
484,Skyler Holden,373557140156785,01/18,788
485,Tatyana Porter,4716097146572,01/18,831
486,Tatum Lynn,518 36378 67112 440,10/17,853
487,May Norton,6496986902732740,01/18,700
488,Amery Simon,6440590970379450,03/18,477
489,Dustin Salinas,6467 3180 8798 3937,03/18,307
490,Jesse Little,601199 1487269163,08/17,336
491,Lucian Adkins,601 19892 08358 216,04/17,939
492,Cleo Harmon,340879607980824,08/17,200
493,Ann Velazquez,4929461973306680,08/18,294
494,Gareth Wilkinson,4485340843050,11/17,155
495,Minerva Schmidt,4024007149541,03/17,313
496,Mara Brady,3478 019687 77584,08/17,635
497,Judah Mcneil,4024007127802,08/17,428
498,Jin Peters,340414000881534,07/17,897
499,Daria Ray,341821281569688,02/19,763
500,Giselle Davenport,6441 9871 8301 6148,10/17,888
,,,,
,,,,
,,,,
,,,,
,,,,
,,,,
,,,,
,,,,
,,,,
,,,,
,,,,
,,,,
,,,,
,,,,
,,,,
,,,,
,,,,
,,,,
,,,,
,,,,
,,,,
,,,,
,,,,
,,,,
,,,,
,,,,
,,,,
,,,,
,,,,
,,,,
,,,,
,,,,
,,,,
,,,,
,,,,
,,,,
,,,,
,,,,
,,,,
,,,,
,,,,
,,,,
,,,,
,,,,
,,,,
,,,,
,,,,
,,,,
,,,,
,,,,
,,,,
,,,,
,,,,
,,,,
,,,,
,,,,
,,,,
,,,,
,,,,
,,,,
,,,,
,,,,
,,,,
,,,,
,,,,
,,,,
,,,,
,,,,
,,,,
,,,,
,,,,
,,,,
,,,,
,,,,
,,,,
,,,,
,,,,
,,,,
,,,,
,,,,
,,,,
,,,,
,,,,
,,,,
,,,,
,,,,
,,,,
,,,,
,,,,
,,,,
,,,,
,,,,
,,,,
,,,,
,,,,
,,,,
,,,,
,,,,
,,,,
,,,,
,,,,
,,,,
,,,,
,,,,
,,,,
,,,,
,,,,
,,,,
,,,,
,,,,
,,,,
,,,,
,,,,
,,,,
,,,,
,,,,
,,,,
,,,,
,,,,
,,,,
,,,,
,,,,
,,,,
,,,,
,,,,
,,,,
,,,,
,,,,
,,,,
,,,,
,,,,
,,,,
,,,,
,,,,
,,,,
,,,,
,,,,
,,,,
,,,,
,,,,
,,,,
,,,,
,,,,
,,,,
,,,,
,,,,
,,,,
,,,,
,,,,
,,,,
,,,,
,,,,
,,,,
,,,,
,,,,
,,,,
,,,,
,,,,
,,,,
,,,,
,,,,
,,,,
,,,,
,,,,
,,,,
,,,,
,,,,
,,,,
,,,,
,,,,
,,,,
,,,,
,,,,
,,,,
,,,,
,,,,
,,,,
,,,,
,,,,
,,,,
,,,,
,,,,
,,,,
,,,,
,,,,
,,,,
,,,,
,,,,
,,,,
,,,,
,,,,
,,,,
,,,,
,,,,
,,,,
,,,,
,,,,
,,,,
,,,,
,,,,
,,,,
,,,,
,,,,
,,,,
,,,,
,,,,
,,,,
,,,,
,,,,
,,,,
,,,,
,,,,
,,,,
,,,,
,,,,
,,,,
,,,,
,,,,
,,,,
,,,,
,,,,
,,,,
,,,,
,,,,
,,,,
,,,,
,,,,
,,,,
,,,,
,,,,
,,,,
,,,,
,,,,
,,,,
,,,,
,,,,
,,,,
,,,,
,,,,
,,,,
,,,,
,,,,
,,,,
,,,,
,,,,
,,,,
,,,,
,,,,
,,,,
,,,,
,,,,
,,,,
,,,,
,,,,
,,,,
,,,,
,,,,
,,,,
,,,,
,,,,
,,,,
,,,,
,,,,
,,,,
,,,,
,,,,
,,,,
,,,,
,,,,
,,,,
,,,,
,,,,
,,,,
,,,,
,,,,
,,,,
,,,,
,,,,
,,,,
,,,,
,,,,
,,,,
,,,,
,,,,
,,,,
,,,,
,,,,
,,,,
,,,,
,,,,
,,,,
,,,,
,,,,
,,,,
,,,,
,,,,
,,,,
,,,,
,,,,
,,,,
,,,,
,,,,
,,,,
,,,,
,,,,
,,,,
,,,,
,,,,
,,,,
,,,,
,,,,
,,,,
,,,,
,,,,
,,,,
,,,,
,,,,
,,,,
,,,,
,,,,
,,,,
,,,,
,,,,
,,,,
,,,,
,,,,
,,,,
,,,,
,,,,
,,,,
,,,,
,,,,
,,,,
,,,,
,,,,
,,,,
,,,,
,,,,
,,,,
,,,,
,,,,
,,,,
,,,,
,,,,
,,,,
,,,,
,,,,
,,,,
,,,,
,,,,
,,,,
,,,,
,,,,
,,,,
,,,,
,,,,
,,,,
,,,,
,,,,
,,,,
,,,,
,,,,
,,,,
,,,,
,,,,
,,,,
,,,,
,,,,
,,,,
,,,,
,,,,
,,,,
,,,,
,,,,
,,,,
,,,,
,,,,
,,,,
,,,,
,,,,
,,,,
,,,,
,,,,
,,,,
,,,,
,,,,
,,,,
,,,,
,,,,
,,,,
,,,,
,,,,
,,,,
,,,,
,,,,
,,,,
,,,,
,,,,
,,,,
,,,,
,,,,
,,,,
,,,,
,,,,
,,,,
,,,,
,,,,
,,,,
,,,,
,,,,
,,,,
,,,,
,,,,
,,,,
,,,,
,,,,
,,,,
,,,,
,,,,
,,,,
,,,,
,,,,
,,,,
,,,,
,,,,
,,,,
,,,,
,,,,
,,,,
,,,,
,,,,
,,,,
,,,,
,,,,
,,,,
,,,,
,,,,
,,,,
,,,,
,,,,
,,,,
,,,,
,,,,
,,,,
,,,,
,,,,
,,,,
,,,,
,,,,
,,,,
,,,,
,,,,
,,,,
,,,,
,,,,
,,,,
,,,,
,,,,
,,,,
,,,,
,,,,
,,,,
,,,,
,,,,
,,,,
,,,,
,,,,
,,,,
,,,,
,,,,
,,,,
,,,,
,,,,
,,,,
,,,,
,,,,
,,,,
,,,,
,,,,
,,,,
,,,,
,,,,
,,,,
,,,,
,,,,
,,,,
,,,,
,,,,
,,,,
,,,,
,,,,
,,,,
,,,,
,,,,
,,,,
,,,,
,,,,
,,,,
,,,,
