ID,Name,CardNumber,ExpDate,CVV
1,Celena Pettyjohn �,4929944256031104,19-Oct,111
2,Domenica Leday �,4929880379548295,20-Oct,112
3,Minna Groman �,4929633589368354,21-Oct,113
4,Jeanne Viers �,4929580683888961,22-Oct,114
5,Saul Sokoloff �,4929485727027453,23-Oct,115
6,Avril Wooley �,4929417142203708,24-Oct,116
7,Craig Gilreath �,4929117841680657,25-Oct,117
8,Nickolas Cagley �,4929059819958659,26-Oct,118
9,Lilian Berrey �,4929039372337434,27-Oct,119
10,Merrie Langhorne �,4929023367913995,28-Oct,120
11,Mandi Brummitt �,4916774623944142,29-Oct,121
12,Cletus Goodspeed �,4916632029797243,30-Oct,122
13,Melva Luke �,4916616781309818,31-Oct,123
14,Inger Preusser �,4916614070699817,1-Nov,124
15,Grayce Thakkar �,4916517470927375,2-Nov,125
16,Valrie Herb �,4916508843577518,3-Nov,126
17,Junko Gormley �,4916463658125351,4-Nov,127
18,Nelly Dowd �,4916342370015993,5-Nov,128
19,Consuela Love �,4916339178892672,6-Nov,129
20,Ozie Hoge �,4916331739845166,7-Nov,130
21,Manda Houser �,4916304071395454,8-Nov,131
22,Creola Sprenger �,4916296821649653,9-Nov,132
23,Eusebio Carr �,4916232453592507,10-Nov,133
24,Kymberly Teer �,4916226787419924,11-Nov,134
25,Oliva Paulus �,4916171235074626,12-Nov,135
26,Sharron Flint �,4916030257806523,13-Nov,136
27,Burt Drucker �,4791046493744112,14-Nov,137
28,Tyrone Weeks �,4747750450679436,15-Nov,138
29,Christiane Mascarenas �,4716935357281835,16-Nov,139
30,Giuseppina Saulters �,4716516162112850,17-Nov,140
31,Jenniffer Pizana �,4716362072946834,18-Nov,141
32,Candace Striplin �,4716293566771786,19-Nov,142
33,Kurtis Nylander �,4716279586868538,20-Nov,143
34,Reba Williamson �,4716191412619300,21-Nov,144
35,Wilton Minard �,4716158948335230,22-Nov,145
36,Willow Diebold �,4716088244513539,23-Nov,146
37,Micheal Willems �,4685175965932738,24-Nov,147
38,Lacie Spink �,4638135146973983,25-Nov,148
39,Kelsi Evangelista �,4556842768497070,26-Nov,149
40,Rochell Mccullers �,4556841467002157,27-Nov,150
41,Alline Boudreau �,4556760915676968,28-Nov,151
42,Retha Humble �,4556730820159566,29-Nov,152
43,Christin Spry �,4556660645510364,30-Nov,153
44,Amada Arwood �,4556653193562416,1-Dec,154
45,Johnathon Mooney �,4556471731188135,2-Dec,155
46,Kittie Honda �,4556469791620070,3-Dec,156
47,Celine Clow �,4556220401513761,4-Dec,157
48,Alethea Boucher �,4556164700253671,5-Dec,158
49,Dexter Wardle �,4556100693657999,6-Dec,159
50,Luvenia Selden �,4556004833826540,7-Dec,160
51,Lala Melone �,4539948064503016,8-Dec,161
52,Maureen Snuggs �,4539943861701087,9-Dec,162
53,Elda Bickerstaff �,4539937994320716,10-Dec,163
54,Olinda Lebeau �,4539932693575199,11-Dec,164
55,Loise Spurlin �,4539908265212270,12-Dec,165
56,Lavona Statton �,4539576609384095,13-Dec,166
57,Benny Tasker �,4539479608335616,14-Dec,167
58,Aurora Few �,4539350071067285,15-Dec,168
59,Jermaine Westling �,4539339609667963,16-Dec,169
60,Cassandra Bandy �,4539309399906798,17-Dec,170
61,Hortencia Canales �,4539283816621563,18-Dec,171
62,Ewa Yong �,4539128707410412,19-Dec,172
63,Antonina Friedt �,4532838621845314,20-Dec,173
64,Timika Elwood �,4532777792825541,21-Dec,174
65,Marcella Baucom �,4532689075866854,22-Dec,175
66,Chrystal Lacroix �,4532661543591356,23-Dec,176
67,Phylicia Capetillo �,4532399639266860,24-Dec,177
68,Mariella Figueiredo �,4532377435601563,25-Dec,178
69,Carisa Sippel �,4532365202752776,26-Dec,179
70,Deloise Craine �,4532297342683704,27-Dec,180
71,Orpha Carrow �,4532235834555550,28-Dec,181
72,Maribel Bellamy �,4532233936156922,29-Dec,182
73,Marylyn Poche �,4532004716798906,30-Dec,183
74,Cinderella Cardamone �,4485943044506548,31-Dec,184
75,Dudley Hosea �,4485916130351607,1-Jan,185
76,Monet Winegarden �,4485847896264579,2-Jan,186
77,Lenna Graddy �,4485744688007169,3-Jan,187
78,Shela Demko �,4485738335399433,4-Jan,188
79,Normand Leff �,4485688700268517,5-Jan,189
80,Serena Renick �,4485490757018428,6-Jan,190
81,Georgina Espitia �,4485328538602278,7-Jan,191
82,Williams Hammon �,4485328114204770,8-Jan,192
83,Brett Stanback �,4485201933152027,9-Jan,193
84,Selena Holms �,4485135225990993,10-Jan,194
85,Arnoldo Mone �,4485039577283850,11-Jan,195
86,Nathanael Gillian �,4301088997172138,12-Jan,196
87,Fannie Gearing �,4260913084201335,13-Jan,197
88,Tashia Hindle �,4255446977478311,14-Jan,198
89,Onita Hosford �,4244263494182951,15-Jan,199
90,Olympia Seelig �,4234779277999412,16-Jan,200
91,Gino Tong �,4024007191419968,17-Jan,201
92,Dovie Mcclay �,4024007184653532,18-Jan,202
93,Marya Bayles �,4024007156041369,19-Jan,203
94,Bong Dines �,4024007150295599,20-Jan,204
95,Marisa Peace �,4024007149118720,21-Jan,205
96,Elaine Halliwell �,4024007141622976,22-Jan,206
97,Tiera Hirata �,4024007116767442,23-Jan,207
98,Shan Grasso �,4024007111455712,24-Jan,208
99,Gisela Wille �,4005799975836341,25-Jan,209
100,Katharyn Cogdell �,4005003043924381,26-Jan,210
